specialty_id,provider_id
3,7220073
9,7220073
1,2941201
2,2941201
3,2941201
10,2941201
1,9995587
2,9995587
3,9995587
4,9995587
8,9995587
3,6816029
1,7070675
2,7070675
2,3791300
4,3791300
8,3791300
2,7823193
3,617768
6,617768
8,617768
10,617768
8,5872308
2,957011
6,957011
8,957011
10,957011
2,3820793
4,3820793
5,3820793
6,3820793
10,3820793
2,7594763
4,7594763
7,7594763
8,7594763
9,7594763
1,9203389
5,9203389
6,9203389
8,9203389
9,9203389
1,70904
4,70904
7,70904
1,9296808
9,9296808
5,2019388
4,605808
5,605808
10,605808
2,5320720
3,5320720
5,5320720
1,5315557
9,5315557
10,5362911
1,6504981
5,6504981
7,6504981
8,6504981
10,6504981
7,9327320
1,7802455
4,7802455
5,7802455
9,7802455
10,7802455
1,5051916
2,5051916
4,5051916
9,5051916
1,5760569
4,5760569
6,5760569
8,5760569
1,2313820
3,2313820
5,2313820
7,2313820
8,2313820
1,2317397
9,2317397
4,6646204
6,6646204
9,6646204
2,3961478
5,3961478
6,3961478
2,5044162
4,5044162
7,5044162
2,4005309
3,4005309
8,4005309
3,5854865
2,2916088
6,2916088
2,6241794
5,6241794
3,7082266
4,7082266
8,7082266
2,2332078
7,2332078
2,2337339
5,2337339
6,2337339
7,2337339
9,2337339
1,844683
3,6745822
7,6745822
8,6745822
10,6745822
1,6989098
3,6989098
5,6989098
8,6989098
9,6989098
1,9247815
3,9247815
4,9247815
5,9247815
6,9247815
3,6243754
5,6243754
4,2021366
6,2021366
9,2021366
1,7640013
3,7640013
6,7640013
8,7640013
9,7640013
1,7460600
2,7460600
4,7460600
8,7460600
10,7460600
1,6828841
4,6828841
6,6828841
8,6828841
10,6828841
2,7855273
5,7855273
6,7855273
7,7855273
8,7855273
1,796999
3,796999
8,796999
10,796999
2,2370727
3,2370727
8,2370727
3,1034251
5,1034251
9,1034251
10,1034251
2,7418590
3,7418590
5,7418590
6,7418590
10,7418590
1,902306
9,902306
5,211478
1,5479959
2,5479959
3,5479959
6,5479959
10,5479959
2,3788237
5,7859627
5,2308274
9,2308274
2,3883469
3,3883469
4,3883469
6,3883469
10,3883469
3,6740456
6,6740456
8,6740456
10,6740456
1,3326853
4,3326853
5,3326853
7,3326853
6,982601
2,9123792
6,9123792
7,9123792
9,7944136
3,7973403
4,7973403
6,7973403
10,7973403
5,7690630
6,7290497
9,7290497
2,7077297
7,7077297
8,7077297
9,7077297
1,9421750
3,9421750
9,9421750
9,6607187
1,2325616
2,2325616
6,2325616
2,9541489
1,670251
2,670251
5,670251
2,2669161
3,2669161
4,2669161
6,2669161
10,2669161
2,6240682
5,6240682
3,997986
5,997986
7,997986
9,997986
10,997986
2,3919749
1,5633699
2,5633699
4,5633699
9,5633699
10,5633699
1,6158188
4,6158188
6,6158188
8,6158188
10,6158188
5,5383382
6,5383382
9,5383382
1,272884
2,272884
3,272884
5,272884
10,272884
2,9493964
4,9493964
5,7614608
5,6215785
6,6215785
8,6215785
10,6215785
1,2426285
5,2426285
7,2426285
3,6100988
8,6100988
4,9648399
5,9648399
7,9648399
8,9648399
9,9648399
4,2552205
7,2552205
9,2552205
4,2846276
6,2846276
8,2846276
2,6456367
3,6456367
5,6456367
6,6456367
7,6456367
3,7127820
10,7127820
1,6165354
5,6165354
6,6165354
7,6165354
8,6165354
3,5365813
10,5365813
3,9301852
5,9301852
10,9301852
2,9378111
4,9378111
8,9378111
1,9983082
5,9983082
6,9983082
7,9983082
2,5171423
3,5171423
7,5171423
8,5171423
10,5171423
1,3035042
5,3035042
7,3035042
10,3035042
3,7093470
6,7093470
1,6516041
2,6516041
5,6516041
6,6516041
4,9372067
7,9372067
3,3423824
7,3423824
4,846252
7,6408850
4,2372053
5,2372053
8,2372053
9,2372053
10,2372053
5,7623720
7,7623720
7,3916855
5,4013476
9,4013476
1,5976995
5,5976995
8,5976995
3,2473232
7,2473232
10,2473232
2,515485
5,515485
8,515485
1,9197559
4,9197559
7,9197559
9,9197559
10,9197559
2,6596401
5,6596401
9,6596401
8,2407892
9,2407892
4,5123372
5,5123372
7,5123372
9,5123372
3,652032
4,652032
7,652032
8,652032
10,652032
2,7468083
3,7468083
7,7468083
10,7468083
7,7556071
1,6809367
4,6809367
6,6809367
9,6809367
10,6809367
3,7793685
4,7793685
6,7793685
8,7793685
9,7793685
1,4068815
1,2362872
3,2362872
5,2362872
6,2362872
9,2362872
4,3006751
5,3006751
1,3146790
3,3146790
8,3146790
9,3146790
8,7324634
8,4137655
2,3746348
6,3746348
10,3746348
1,7355270
3,7355270
4,7355270
5,7355270
2,29742
5,29742
7,29742
8,29742
2,3138690
1,2322331
3,2322331
5,2322331
6,2322331
7,2322331
6,7238916
8,7238916
3,2613336
4,2613336
3,7305346
4,832537
5,832537
10,832537
1,9241671
4,9241671
6,9241671
10,9241671
3,4052374
5,4052374
6,4052374
9,4052374
1,7075375
5,7075375
6,7075375
10,7075375
8,2433788
9,2433788
7,930059
8,930059
9,930059
2,2355043
3,2355043
5,2355043
8,2355043
6,7194013
7,7194013
8,7194013
9,7194013
2,5668891
4,5668891
5,5668891
7,5668891
9,5668891
1,2630435
6,2630435
7,2630435
10,2630435
1,2841649
6,2841649
10,2841649
3,9929460
4,9929460
7,9929460
1,6561780
6,6561780
7,6561780
8,6561780
10,6561780
1,9628916
2,9628916
4,9628916
6,9628916
9,9628916
1,7332076
4,7332076
7,7332076
3,2346230
4,2346230
8,2346230
10,2346230
1,5039223
3,5039223
4,5039223
7,5039223
2,9859934
3,9859934
4,9859934
5,9859934
6,9859934
1,7578954
5,7578954
6,7578954
8,7578954
9,7578954
1,26336
5,26336
6,26336
9,26336
1,2984342
2,2984342
7,2984342
9,2984342
10,2984342
3,367389
4,6594808
6,6594808
7,6594808
10,6594808
7,4029364
10,4029364
4,3162354
4,106089
5,106089
6,106089
10,106089
2,2797976
9,2797976
10,2797976
1,7699204
6,7699204
10,7699204
3,9599460
5,9599460
6,9599460
9,9599460
10,9599460
1,2630419
2,2630419
7,2630419
8,2630419
9,2630419
4,6800114
5,6800114
10,6800114
8,7150105
3,77461
8,77461
9,77461
10,77461
2,9534075
1,6135803
2,6135803
5,6135803
6,6135803
7,6135803
4,7603037
6,7603037
1,9869794
3,9869794
4,9869794
5,9869794
8,9869794
1,9677356
2,9677356
5,9677356
3,2011549
7,2011549
5,853186
3,3305392
4,3305392
8,3305392
6,9330194
3,3534189
4,3534189
9,3534189
1,458147
2,458147
6,458147
8,458147
9,458147
1,5303591
2,5303591
3,5303591
4,5303591
3,553662
4,553662
7,553662
1,9275312
4,9275312
5,9275312
3,5161266
9,5161266
10,5161266
3,832189
8,832189
9,832189
1,457663
1,9377204
3,9377204
6,9377204
1,6704085
3,6704085
5,6704085
6,6704085
8,6704085
1,9309578
3,9309578
5,9309578
10,9309578
7,6144365
9,6144365
10,6144365
4,3766241
3,9821171
6,9821171
9,9821171
8,7386710
2,7061528
4,7061528
5,7061528
9,7061528
3,5278120
9,5278120
7,7640021
9,7640021
10,7640021
3,9478221
5,9478221
7,9478221
8,9478221
3,3777901
6,3777901
8,3777901
3,6303889
5,6303889
6,6303889
8,6303889
5,3413098
7,3413098
6,7413459
3,395579
5,395579
7,395579
8,395579
9,395579
10,257842
8,6770975
1,2869519
4,2869519
6,2869519
1,38911
5,38911
6,38911
1,6988407
5,6988407
9,272450
3,2401525
4,2771373
5,2771373
10,2771373
2,205591
3,205591
4,205591
7,3871800
1,7995067
4,7995067
6,7995067
10,7995067
2,4024168
6,4024168
9,4024168
3,6843239
4,6843239
5,6843239
6,6843239
10,6843239
2,6263259
9,6263259
10,6263259
1,9213015
2,9213015
5,9213015
7,9213015
9,9213015
2,3059227
5,3059227
2,5496950
9,5496950
3,6466184
4,6466184
7,6466184
9,6466184
5,3433803
7,3433803
9,3433803
9,7072686
2,658391
4,658391
7,658391
9,658391
10,658391
4,2814072
5,838047
1,6520286
6,6520286
7,6520286
9,6520286
10,6520286
1,3045390
3,3272818
4,6193641
5,6193641
7,6193641
9,6193641
10,6193641
2,6865011
4,6865011
5,6865011
8,6865011
3,7990553
4,7990553
6,7990553
7,7990553
3,9562486
1,7596871
2,7596871
3,7596871
5,7596871
2,773425
7,773425
1,6742432
5,6742432
6,6742432
10,6742432
1,3545342
3,3545342
4,3545342
5,3545342
9,3545342
5,5126649
6,5126649
10,5126649
3,7267207
9,7267207
7,5241170
1,7167474
4,7167474
5,7167474
6,7167474
10,7167474
5,5554276
2,931373
4,931373
5,931373
8,931373
10,931373
4,5717353
1,6128963
4,6128963
5,6128963
6,6128963
1,5439760
7,5439760
8,5439760
9,5439760
10,5439760
1,2776413
2,2776413
3,2776413
4,2776413
7,2776413
4,6297943
9,6297943
4,6367534
2,9277978
6,9277978
7,9277978
8,9277978
1,6651399
2,6651399
8,6651399
10,6651399
2,6629482
3,6629482
4,9871047
1,680788
2,680788
3,680788
7,680788
10,680788
1,6814506
3,6814506
4,6814506
5,6814506
7,6814506
3,7053118
5,7053118
9,7053118
2,111945
10,111945
4,6065945
5,6065945
7,6065945
3,2141795
6,2141795
1,3606988
3,3606988
5,3606988
7,3606988
2,2154803
5,2154803
6,2154803
8,2154803
3,9170901
7,9170901
10,9170901
2,5405211
5,5405211
6,5405211
7,5405211
3,7809786
8,7809786
2,2172275
3,2172275
6,2172275
8,2172275
3,3871975
5,9927034
6,9927034
4,9520643
10,9520643
1,4116259
2,4116259
6,4116259
1,9970258
5,9970258
9,9970258
10,9970258
2,7921594
3,7921594
8,2113260
2,177490
5,7658125
10,7658125
2,5237904
4,9276807
9,9276807
10,9276807
9,3621804
10,3621804
3,7922388
9,7922388
6,2117614
3,7160097
4,7148828
7,7148828
9,7148828
10,7148828
2,9919791
3,9919791
7,9919791
5,6119778
9,6119778
2,3392325
3,3392325
4,3392325
8,3392325
6,3708764
10,3708764
1,5760003
5,5760003
9,5760003
10,5760003
5,9067396
2,6762654
6,6762654
8,6762654
1,6228925
4,6228925
6,6228925
8,6228925
9,6228925
4,7948425
3,2932970
4,2932970
6,2932970
7,2932970
1,7057652
8,7057652
10,7057652
1,7239602
3,7239602
5,7239602
8,7239602
5,1077848
6,1077848
10,1077848
1,483915
8,483915
2,6194567
6,7541732
7,7541732
10,7719663
9,5597838
3,7615418
4,7615418
7,7615418
8,7615418
10,7615418
5,3340333
7,7152434
9,7152434
4,6572189
5,6572189
10,6572189
9,6165443
1,6425593
1,7307659
3,7307659
7,7307659
8,7307659
10,7307659
5,6392458
8,6392458
10,6392458
1,7630093
4,7630093
7,7630093
9,7630093
10,7630093
5,223301
2,9604065
3,9604065
8,9604065
10,5894190
1,2988976
5,2988976
3,2997983
7,2997983
9,2997983
1,794546
5,794546
6,794546
7,794546
2,3328422
4,3328422
5,3328422
8,3328422
3,9476563
7,9476563
8,9476563
9,9476563
2,9308806
5,9308806
7,9308806
8,9308806
9,9308806
7,3288528
5,3697258
6,3697258
7,3697258
9,3697258
6,7545517
8,7545517
10,7545517
4,6303641
6,6303641
4,4124987
8,5708281
2,3654044
3,3654044
4,3654044
7,3654044
9,3654044
1,3691810
3,3691810
5,3691810
9,3691810
10,3691810
1,9773053
4,9773053
7,9773053
8,9773053
9,9773053
1,204234
2,204234
8,204234
9,204234
10,204234
7,3439623
9,3439623
1,5105919
8,5105919
9,5105919
10,5105919
2,665045
3,665045
1,6802982
3,6802982
4,6802982
10,6802982
1,5876575
3,5876575
4,3925935
1,5373409
5,5373409
6,5373409
7,5373409
9,5373409
10,3230554
5,9077324
10,9077324
1,4109600
2,4109600
7,4109600
8,4109600
9,4109600
1,6942806
2,6942806
3,6942806
5,6942806
7,6942806
1,971871
2,971871
10,971871
3,3878430
10,3878430
5,9779868
6,9779868
9,9779868
4,9705767
6,9705767
9,9705767
10,9705767
4,3524434
8,3524434
1,5852048
2,5852048
4,5852048
6,5852048
1,5548926
3,5548926
6,5548926
9,5548926
10,5548926
5,6915000
2,3197727
3,3197727
7,3197727
10,3197727
1,4114655
4,4114655
2,3072398
3,3072398
7,3072398
9,3072398
9,9597115
4,9967893
6,9967893
7,9967893
5,3938514
1,4074912
4,4074912
5,4074912
7,4074912
9,4074912
2,2135256
3,2135256
4,2135256
5,9396977
8,7595085
10,7595085
1,9836845
6,9836845
9,9836845
10,9836845
1,9283692
6,9283692
7,9283692
9,9283692
1,9871829
6,2675277
7,2675277
9,2675277
10,2675277
2,3193543
5,3193543
9,3193543
10,3193543
4,109150
9,109150
3,3920011
5,3920011
7,3920011
8,3920011
10,3920011
2,2547996
5,2547996
8,2547996
9,2547996
10,2547996
3,7161298
4,7161298
6,7161298
8,7161298
2,9626727
3,9626727
5,9626727
8,9626727
1,9679014
3,9679014
5,9801774
3,3821668
4,3821668
7,3821668
1,7150199
2,7150199
4,7150199
6,7150199
2,4106989
5,4106989
6,4106989
7,4106989
1,3189163
2,3189163
5,3189163
6,3189163
8,3189163
3,3929353
5,3929353
2,9053859
4,9053859
5,9053859
8,9053859
10,9053859
1,7681593
3,7681593
4,7681593
8,7681593
10,7868758
1,9246029
4,9246029
7,9246029
8,9246029
9,9246029
6,2485761
9,2485761
10,2485761
7,2547945
5,9226753
2,9557377
6,9557377
8,9557377
10,9557377
3,3696502
6,3696502
9,3696502
1,9849238
3,9849238
7,9849238
8,9849238
9,9849238
1,909580
8,909580
3,148245
9,148245
2,4027043
3,4027043
5,4027043
8,4027043
9,4027043
1,6090052
3,6090052
5,6090052
2,6882439
9,6882439
5,6486843
6,6486843
8,6486843
2,9572171
3,9572171
4,9572171
1,9976809
2,9976809
7,9976809
8,9976809
9,9976809
4,5085713
8,5085713
6,9046828
3,9833773
4,9833773
7,9833773
10,9833773
3,1043935
5,1043935
6,1043935
7,1043935
10,1043935
1,6373283
5,6373283
6,6373283
8,6373283
9,6373283
8,5703026
2,6411770
5,6411770
7,6411770
8,6411770
10,6411770
4,5658586
4,2893851
5,2893851
6,2893851
7,2893851
8,2893851
2,9148744
7,9148744
10,605689
1,112674
10,112674
2,6517323
3,6517323
5,6517323
8,6517323
9,6517323
3,2276046
8,2276046
9,6199275
10,5054834
2,9585826
10,9585826
4,7065485
6,7065485
10,7065485
2,6880959
4,6880959
8,6880959
1,5778395
3,5778395
3,815861
4,815861
6,815861
7,815861
2,9343172
3,9343172
4,9343172
7,9343172
8,9343172
1,9556710
2,9556710
3,9556710
5,9556710
7,9556710
1,7893930
2,7893930
10,7893930
2,5198054
5,5198054
6,5198054
1,9892931
4,9892931
8,9892931
3,109657
5,109657
9,3189236
1,9196978
2,9196978
6,9196978
9,9196978
10,9196978
4,2274590
5,2274590
10,2274590
1,3082288
4,3082288
5,3082288
6,3082288
4,3443965
3,9031731
6,9031731
1,7811799
5,7811799
7,7811799
9,7811799
4,101176
7,101176
9,101176
2,7742908
5,7742908
8,7742908
9,7742908
10,7742908
2,1066056
4,1066056
5,1066056
7,1066056
8,1066056
2,130656
4,9814221
9,9814221
1,3335593
3,3335593
6,3335593
8,3335593
2,2846810
3,2846810
7,2846810
10,2846810
10,2863448
1,9956468
4,9956468
6,9956468
10,49271
1,2299259
7,2299259
8,2299259
2,823643
9,823643
4,7944950
2,7060335
3,7060335
5,7060335
6,7060335
10,7060335
4,3528723
9,3528723
10,3528723
1,7603797
5,7603797
9,7603797
1,9994610
4,9994610
5,4024923
4,6833896
10,6833896
1,673919
2,673919
7,673919
10,673919
5,9641319
7,9641319
8,9641319
9,9641319
5,4040899
8,4040899
9,2273799
1,511552
3,511552
6,511552
7,511552
9,511552
2,815233
5,815233
7,815233
8,815233
10,815233
1,3662322
5,3662322
7,3662322
9,3662322
10,380822
4,9292144
5,9292144
6,9292144
9,9292144
2,9312188
4,9312188
5,9312188
8,9312188
10,9312188
4,7933983
6,7933983
3,6638325
4,6638325
5,6638325
6,6638325
10,6638325
1,9318682
4,9318682
5,9318682
6,9318682
3,802034
7,802034
9,7146116
5,9832483
6,9832483
7,9832483
10,9832483
3,2696339
4,2696339
10,2696339
3,4099648
6,4099648
9,4099648
7,7586310
8,7586310
6,3301370
2,2708361
6,2708361
7,2708361
8,2708361
3,5472210
6,5472210
9,5472210
10,5472210
1,7358776
2,7358776
7,7358776
4,817066
5,817066
6,817066
7,817066
9,817066
1,3729435
2,3729435
5,3729435
10,3729435
4,7206771
7,459283
6,752576
10,752576
4,9133968
5,9133968
6,9133968
8,9133968
10,9133968
3,933562
4,933562
8,933562
9,933562
4,3599388
4,6601146
5,6601146
7,6601146
8,6601146
10,6601146
10,9810463
3,6497853
2,6113737
3,6113737
8,6113737
6,3635163
8,3635163
9,3635163
10,3635163
1,5711940
5,5711940
6,5711940
9,5711940
2,7211791
4,7211791
6,7211791
7,7211791
2,3325369
3,3325369
3,7994230
4,7994230
7,9454616
3,9335978
5,9335978
6,9335978
2,2072394
5,2072394
7,2072394
8,2072394
9,2072394
1,486485
2,486485
7,486485
9,486485
10,486485
9,9951318
2,5250390
3,5250390
8,5250390
6,7160984
7,7160984
3,3897036
5,3897036
8,3897036
10,3897036
4,3798410
3,3768902
7,3768902
10,3768902
1,9288449
4,9288449
4,6412572
6,6412572
10,6412572
2,248924
6,248924
7,248924
8,248924
9,248924
1,9894128
5,9894128
7,9894128
9,9894128
7,9251529
4,7118198
6,7118198
8,7118198
9,7118198
6,7173946
9,7173946
5,6960707
3,6082122
5,6082122
6,6082122
7,6082122
10,6082122
3,2906139
4,2906139
7,2906139
9,2906139
10,6946127
1,5452562
3,5452562
6,5452562
9,5452562
1,3271722
2,3271722
4,3271722
8,3271722
9,3271722
2,2085577
4,2085577
1,3476588
5,3476588
7,6110312
9,6110312
4,9703306
6,9703306
8,9703306
6,6692141
1,9701923
4,9701923
6,9701923
4,223972
5,223972
2,5598370
8,5598370
1,2950545
2,2950545
4,2950545
7,2950545
9,2950545
7,5263867
2,3345394
4,3345394
5,5174988
1,9402497
8,9402497
1,118621
2,118621
3,118621
8,118621
3,5720613
4,5720613
7,5720613
6,38083
10,38083
1,6914705
3,6914705
5,6914705
8,6914705
10,6914705
8,9378332
10,9378332
3,6526535
1,874426
3,874426
5,874426
9,874426
5,9995110
8,9995110
9,9995110
10,9995110
4,2051915
6,5208572
9,5208572
5,851043
7,851043
10,851043
4,815691
5,815691
7,815691
9,815691
10,815691
1,3490491
5,3490491
8,3490491
10,9732012
1,7729499
5,7729499
7,7729499
8,7729499
10,7729499
4,9171045
7,9171045
8,9171045
10,2745372
2,2746271
5,2746271
7,2746271
8,2746271
9,2746271
2,9333541
7,9333541
2,5502667
3,5502667
7,5502667
9,5502667
3,5741467
4,5741467
5,5741467
7,5741467
7,6438415
1,3856771
3,3856771
4,3856771
5,3856771
10,3856771
5,9273689
10,9273689
1,658316
3,658316
6,5401798
1,2688212
3,2688212
4,2688212
8,2688212
9,2688212
9,678589
10,678589
2,6549128
3,6549128
4,6549128
7,6549128
9,6549128
3,3736636
10,3736636
1,9901116
2,9901116
5,9901116
6,9901116
10,9901116
2,9734430
4,9734430
6,9734430
8,9734430
9,9734430
4,3716856
5,3716856
7,3716856
8,3716856
2,5306035
5,5306035
7,5306035
8,5306035
3,9053409
6,9053409
7,9053409
3,72141
8,72141
10,72141
2,6339352
3,6339352
4,6339352
6,6339352
10,6339352
2,7747411
7,7747411
3,918164
8,918164
3,6903584
6,6903584
8,6903584
10,6903584
1,3528758
3,3528758
7,3528758
10,6281184
3,3360768
6,3360768
7,3360768
4,5334489
5,5334489
9,5334489
1,7915705
4,7915705
8,7915705
9,7915705
10,7915705
2,6599443
3,6599443
4,6599443
6,6599443
10,6599443
3,6105386
4,6105386
7,6105386
9,6105386
10,6105386
2,3221822
9,3221822
5,7566441
1,9166270
2,9166270
7,9166270
10,9166270
1,9911316
2,9911316
8,9911316
1,5274664
6,5274664
10,5274664
1,6698514
3,6698514
5,6698514
8,6698514
8,7063067
4,3619664
5,3619664
6,3619664
10,3619664
8,7169272
1,2066505
4,7085249
5,7085249
8,7085249
3,408727
6,408727
7,408727
9,408727
10,408727
5,6951864
8,6951864
10,6951864
2,106690
6,106690
7,106690
9,106690
10,106690
2,2864746
5,2864746
6,2864746
2,3574792
3,3574792
5,3574792
6,3574792
1,5360331
2,5360331
5,5360331
9,5360331
10,5360331
2,7272642
5,7272642
8,7272642
9,7272642
4,2056887
1,9171762
2,9171762
9,9171762
10,9171762
1,9639381
8,9639381
2,6390455
3,6390455
7,6390455
9,6390455
1,7998228
2,7998228
4,7998228
5,7998228
10,7998228
5,3799816
10,3799816
4,9798978
5,9798978
7,9798978
10,9798978
1,816507
6,816507
10,816507
2,9047522
4,9047522
5,9047522
7,9047522
10,9047522
8,769371
1,921874
3,921874
5,921874
6,921874
9,921874
1,208019
5,208019
9,208019
2,9069305
9,9069305
4,909130
5,909130
5,421677
2,3716716
8,3716716
10,3716716
2,7780354
5,7780354
7,7780354
8,7780354
9,7780354
7,2932520
9,2932520
3,7090455
8,7090455
10,7090455
5,9362614
6,9362614
8,9362614
3,6756255
4,6756255
6,6756255
8,6756255
10,6756255
8,3233383
8,9724087
4,2079542
2,9592687
4,9592687
5,9592687
6,9592687
1,988855
3,988855
8,988855
10,988855
2,5971683
4,5971683
7,5971683
9,5971683
10,5971683
3,4049799
6,4049799
7,4049799
9,4049799
6,2790092
7,2790092
10,2790092
5,3419738
10,9978380
1,7431635
3,7431635
6,7431635
10,7431635
6,5361877
7,5361877
9,5361877
10,5361877
3,3473945
8,3473945
7,4139844
10,4139844
2,9050574
4,9050574
5,9050574
9,9050574
1,6053289
2,6053289
3,6053289
4,6053289
9,6053289
2,9731237
9,9731237
2,7943350
4,7943350
6,7943350
9,7943350
3,6178731
4,6178731
5,6178731
6,6178731
2,9236244
6,9236244
7,9236244
9,9236244
3,3688720
4,3688720
6,3688720
8,3688720
10,3688720
1,6244203
6,6244203
9,6244203
10,6244203
2,5399203
3,5399203
3,7990359
6,7990359
7,7990359
8,7990359
9,7990359
2,2746719
3,2746719
6,2746719
7,2746719
10,2746719
3,6164226
8,6164226
8,6928498
1,87564
2,87564
3,87564
4,87564
6,87564
3,3003280
6,3003280
9,3003280
10,6311466
2,9549781
6,9549781
7,9549781
9,9549781
2,6665632
2,4111923
5,4111923
6,6186157
9,6186157
2,7890516
4,7890516
6,7890516
8,7890516
10,7890516
3,9496319
5,9496319
6,9496319
7,9496319
8,9496319
5,7540833
3,3018369
4,3018369
8,3018369
2,6552714
4,6552714
9,6552714
2,7790996
4,7790996
6,7790996
10,7790996
5,9980229
6,9980229
9,9980229
3,7107447
6,7107447
1,7125429
3,7125429
5,7125429
6,7125429
7,7125429
1,35602
3,35602
6,35602
2,5190304
3,5190304
6,2696185
7,2696185
8,2696185
3,2097028
5,2097028
10,2097028
3,3149277
4,3149277
7,3149277
2,7560303
4,7560303
6,3923371
7,3923371
2,7462166
6,7462166
10,7462166
2,6433855
5,6433855
6,6433855
1,3978788
2,3978788
8,3978788
1,4127676
5,4127676
8,4127676
4,6053254
5,6053254
8,6053254
10,6053254
4,9218793
9,9218793
10,9218793
4,9354891
6,9354891
10,9354891
6,3587126
1,938424
8,938424
9,938424
1,9129537
1,9553266
3,9553266
5,9553266
7,9553266
10,9553266
2,3902358
9,3902358
10,3902358
3,9837159
4,9837159
5,9837159
8,9837159
10,9837159
1,7862180
2,7862180
4,7862180
6,7862180
9,7862180
1,3585689
6,3585689
9,3585689
10,3585689
4,5126711
5,5126711
9,5126711
10,5126711
1,894885
5,894885
6,894885
8,894885
4,2925494
6,2925494
7,2925494
10,2925494
2,3794954
4,3794954
6,3794954
9,3794954
7,2091305
8,2091305
9,2091305
9,1083449
10,1083449
1,9809546
2,9809546
4,9809546
6,9809546
7,9809546
4,4047273
5,4047273
8,4047273
10,4047273
1,5229618
3,5229618
8,5229618
9,5229618
4,2865238
8,9560084
5,3934381
1,975478
4,975478
5,975478
6,975478
9,975478
6,4048849
9,4048849
1,981060
2,981060
6,981060
8,981060
10,981060
5,3240630
6,3240630
10,3240630
3,9335021
1,6222838
4,6222838
8,6222838
9,6222838
10,5678307
2,6326137
4,6326137
5,6326137
7,6326137
9,6326137
1,213411
3,213411
4,213411
6,213411
1,4115600
2,4115600
4,4115600
6,4115600
1,5341671
2,5341671
3,5341671
8,5341671
9,5341671
2,3422542
3,3422542
10,3422542
4,6107559
4,849065
6,849065
7,849065
10,849065
7,6890628
8,6890628
9,6890628
1,6125840
2,6125840
4,6125840
9,6125840
10,6125840
2,5253411
1,6532055
2,6532055
3,6532055
1,706183
4,535885
1,3516954
3,3516954
1,5274761
5,5274761
7,5274761
7,3352080
2,106992
5,106992
6,106992
7,106992
9,5064716
3,3647595
6,3647595
9,3647595
3,7797753
5,3000907
4,7948247
6,7948247
7,7948247
8,7948247
10,7948247
3,2940558
7,2940558
7,3670686
1,4039106
2,4039106
5,4039106
6,4039106
7,4039106
3,9148817
4,9148817
6,9148817
9,9148817
3,5049709
7,5049709
8,5049709
9,5049709
10,5049709
7,3073440
4,5125766
5,5125766
7,5125766
1,6200559
5,6200559
6,6200559
2,296481
8,296481
5,9735984
6,9735984
7,9735984
8,9735984
6,3686760
7,3686760
8,3686760
1,3567354
3,3567354
5,3567354
6,3567354
7,3567354
3,6657125
4,6657125
7,6657125
4,3293262
5,3293262
6,3293262
7,3293262
8,3293262
2,2578670
3,2578670
7,2578670
8,2578670
10,2578670
1,2870894
2,2870894
9,2870894
10,2870894
2,9893210
4,9893210
5,9893210
7,9893210
10,9893210
1,5857031
6,5857031
5,7882327
7,7882327
10,7882327
4,5404886
5,5404886
7,5404886
2,9970762
3,9970762
7,9970762
8,9970762
10,9970762
8,9127410
4,9325298
8,9325298
3,9828982
4,9828982
5,9828982
7,9828982
9,9828982
1,9985263
3,9985263
8,9985263
9,9985263
4,2580160
6,2580160
7,2580160
2,2549808
4,2549808
6,2549808
7,2549808
3,9289399
3,28606
7,28606
10,28606
1,9124349
10,9124349
1,4002601
3,4002601
4,4002601
7,4002601
5,5567726
6,5567726
10,5567726
6,7958404
9,7958404
1,3876187
4,3876187
6,3876187
4,2584417
6,2584417
7,2584417
1,7845804
2,7845804
10,7845804
2,2783975
4,2783975
5,2783975
7,2783975
10,2783975
3,2742691
4,2742691
10,2742691
9,7123353
1,2587246
2,2587246
5,2587246
7,2587246
5,3016773
2,3291936
3,3291936
5,3291936
8,3291936
2,2947927
3,2947927
5,2947927
10,2947927
1,2861143
4,2861143
1,7226446
2,7226446
3,966053
6,966053
8,966053
9,966053
10,966053
4,2680823
8,2680823
7,3001946
2,455288
4,455288
10,455288
1,4136829
3,4136829
5,4136829
7,4136829
1,9819630
9,9819630
5,2729040
2,5373115
4,5373115
5,5373115
6,5373115
5,2739429
7,2739429
1,3752763
2,3752763
3,3752763
4,3752763
2,2582333
3,2582333
5,2582333
7,2582333
8,2582333
1,7958447
2,7958447
10,7958447
1,7323425
5,7323425
6,7323425
10,7323425
3,9504079
6,9504079
8,9504079
1,9105042
3,9105042
6,9105042
8,9105042
9,9105042
2,3315827
3,3315827
7,3315827
1,6856098
2,6856098
5,6856098
9,6856098
10,6856098
7,6012469
3,826146
6,826146
1,3538125
2,3538125
3,3538125
7,3538125
10,3538125
5,7877285
8,7877285
9,7877285
2,9274359
4,9274359
9,9274359
10,9274359
2,7588003
7,3677508
1,6622089
2,6622089
6,6622089
8,6622089
2,210439
4,210439
7,210439
3,7236824
7,7236824
1,9051295
10,9051295
5,9039309
9,9039309
10,9039309
2,880167
3,880167
5,880167
8,880167
1,304514
2,304514
4,304514
5,304514
9,304514
4,998842
6,998842
7,998842
9,998842
10,998842
5,5852110
10,5852110
2,6817785
6,6817785
7,6817785
10,6817785
4,7595131
5,7595131
9,7595131
1,3628949
3,3628949
6,3628949
4,2560712
7,2560712
9,2560712
10,2560712
2,9869158
4,6817882
5,6817882
10,6817882
4,2640384
2,9999728
3,9999728
5,9999728
7,9999728
8,9999728
4,4151445
6,4151445
10,4151445
5,3716244
1,7331649
3,7331649
5,6622909
2,7321112
3,7321112
6,7321112
1,3209830
5,3209830
8,3209830
9,3209830
2,9102310
8,9102310
2,7302339
6,7302339
10,7302339
3,6131573
5,6131573
8,6131573
9,6131573
10,6131573
1,9513639
10,9513639
4,4156323
6,4156323
8,4156323
9,4156323
1,6722075
9,6722075
2,6466907
3,6466907
5,6466907
7,6466907
8,6466907
3,673595
6,673595
7,673595
8,673595
2,633496
3,633496
5,633496
7,633496
10,633496
2,38865
3,38865
7,38865
8,38865
10,38865
1,7486049
7,7486049
10,7486049
1,9781889
3,9781889
10,9781889
6,5988969
7,5988969
8,5988969
2,9489770
4,9489770
1,5042380
2,5042380
3,5042380
6,5042380
4,9462457
7,2943158
9,2943158
3,7880073
6,7880073
8,3664082
10,3664082
2,755893
10,755893
3,9064516
7,9064516
8,9064516
10,9064516
2,9676848
3,9676848
6,9676848
8,9676848
10,9676848
3,5793009
8,5793009
10,5793009
6,4029690
10,9440941
5,2596377
6,2596377
7,2596377
10,2596377
5,6229778
6,6229778
7,6229778
8,6229778
9,6229778
3,2225913
4,2225913
7,2225913
10,2225913
3,5685478
7,5685478
4,3971791
6,3971791
10,3971791
2,2265427
3,2265427
5,2265427
9,2265427
4,2950456
5,2950456
7,2950456
8,2950456
9,2950456
2,7404107
9,7404107
3,6458939
4,6458939
5,6458939
2,4094581
8,4094581
1,3603164
5,3603164
6,3603164
9,3603164
10,3603164
2,881120
4,881120
6,881120
3,692085
4,692085
6,692085
9,692085
1,862290
3,862290
6,862290
8,862290
1,7146973
3,7146973
9,7146973
1,6696317
1,4063082
3,4063082
4,4063082
8,4063082
9,4063082
3,224243
5,224243
6,224243
10,224243
7,9904654
8,3015734
10,3015734
2,6231225
7,6231225
1,5007518
9,5007518
10,6924778
1,7025661
3,7025661
5,7025661
9,7025661
1,822639
3,822639
4,822639
5,822639
6,822639
1,3699617
2,3699617
4,3699617
6,3699617
9,3699617
1,6521231
2,6521231
7,6521231
8,6521231
9,6521231
9,6415709
10,6415709
2,9906096
3,9906096
4,9906096
6,9906096
10,9906096
1,9440496
2,9440496
3,9440496
4,9440496
6,9440496
1,513938
6,513938
8,513938
4,9716696
8,9716696
3,9552472
4,9552472
5,9552472
6,9552472
10,9552472
2,5436508
8,5436508
9,5436508
2,414034
1,9918825
7,9918825
3,3455572
6,9573992
9,9573992
10,9573992
3,2970333
3,9086714
2,3765245
5,3765245
9,3765245
1,2251388
5,2251388
7,2251388
1,7746881
2,7746881
4,7746881
6,7746881
1,3754901
6,3754901
3,4178637
9,4178637
8,57681
10,57681
3,694142
7,694142
1,5263468
2,5263468
4,5263468
5,5263468
6,5263468
1,179388
6,179388
10,179388
2,9392041
7,9392041
1,2250098
3,2250098
4,2250098
1,5282373
2,5282373
3,5282373
2,6443664
4,6443664
9,6443664
10,6443664
1,6724116
3,6724116
4,6724116
8,6724116
10,6724116
1,6556620
2,6556620
4,6556620
6,6556620
10,6556620
6,2700921
2,678414
3,678414
4,678414
5,678414
9,678414
2,7530307
4,7530307
6,5223520
7,5223520
8,5223520
5,5164761
3,2975181
4,2975181
5,2975181
6,2975181
7,2975181
1,114480
5,114480
6,9959424
9,9959424
10,9959424
10,9361111
1,2228602
2,2228602
8,2228602
9,2228602
4,6247776
1,834505
1,9868259
2,9868259
7,9868259
9,9868259
6,2253526
4,5384508
5,5384508
7,5384508
9,5384508
1,76821
2,76821
5,76821
6,76821
9,76821
2,6483100
8,6483100
9,6483100
10,6483100
2,7739214
5,7588240
1,9714057
3,9714057
6,9714057
7,9714057
9,9714057
3,6829589
5,6829589
10,6829589
8,5367476
10,5367476
8,2959917
2,6068502
6,6068502
10,6068502
7,7426747
3,9802126
6,9802126
7,9802126
8,9802126
10,9802126
6,3744817
7,9272429
4,3794318
8,3794318
10,3794318
5,965278
2,7085044
2,7734352
3,7734352
4,7734352
5,7734352
6,7734352
3,3933709
4,3933709
8,3933709
10,3933709
4,260789
5,260789
8,260789
9,260789
10,260789
2,261076
4,9083677
7,9083677
1,4000986
2,4000986
7,4000986
10,4000986
1,260649
2,260649
2,705594
5,705594
7,705594
3,5701910
10,5701910
1,2398710
7,2398710
1,5341329
5,5341329
10,5341329
2,3054586
4,3054586
7,3054586
9,3054586
10,3054586
3,450502
4,450502
2,2842858
4,2842858
6,2842858
8,2842858
1,6617182
4,6617182
5,6617182
7,6617182
8,6617182
2,7855249
4,7855249
5,7855249
8,7855249
9,7855249
2,9386106
4,9386106
6,9386106
7,9386106
9,9386106
1,9209166
4,9209166
5,9209166
7,9209166
3,2495015
4,2495015
7,2495015
9,2495015
10,2495015
1,863629
2,863629
7,863629
8,863629
1,9700803
2,9700803
3,9700803
5,9700803
10,9564438
5,5689252
10,5689252
1,3384551
9,3384551
2,7278284
4,7278284
7,702811
8,702811
10,702811
1,5990114
6,5990114
8,5990114
1,786985
5,786985
7,786985
9,786985
3,7409737
6,7409737
9,7409737
10,7409737
2,713635
4,713635
7,713635
8,713635
9,713635
1,5067111
4,5067111
5,5067111
7,5067111
9,5067111
9,6022782
2,6221173
5,6221173
6,6221173
9,6221173
3,2358719
4,2358719
5,2358719
7,2358719
9,2358719
6,2768712
8,2768712
9,2768712
10,2768712
7,9885722
8,9885722
9,9885722
10,9885722
2,830542
3,830542
4,830542
6,830542
2,774529
2,7247214
3,7247214
4,7247214
7,7247214
10,7247214
2,262935
5,262935
6,262935
10,262935
3,988510
4,988510
7,988510
9,988510
5,9644113
8,9644113
4,6012639
5,6012639
9,3710645
1,6316247
3,6316247
7,6316247
10,6316247
2,4184300
7,4184300
4,9444440
7,9444440
9,9444440
1,7198531
3,7198531
5,7198531
6,7198531
9,7198531
2,7785356
3,7785356
4,7785356
5,7785356
2,6536387
8,6536387
4,9874925
6,9874925
8,9874925
3,6397182
7,6397182
10,6397182
7,4091582
10,4091582
1,7890435
9,7890435
6,9730044
10,9730044
7,7520522
10,7520522
2,5224314
6,5224314
8,5224314
4,922293
3,9791302
4,9791302
6,9791302
7,9791302
8,9791302
1,7559194
3,7559194
6,7559194
7,7559194
3,6579078
8,6579078
1,901768
2,901768
3,901768
8,901768
9,901768
2,7051697
3,7051697
4,7051697
5,7051697
1,9798161
5,9798161
8,9798161
10,9798161
3,3373177
4,3373177
8,3373177
9,3373177
2,223565
5,223565
6,223565
8,223565
10,223565
3,9064400
3,3109941
5,3109941
9,3109941
3,11495
6,11495
7,11495
9,11495
10,11495
10,9942165
1,7997965
4,7997965
6,7997965
7,7997965
10,7997965
3,6585760
1,9880097
2,9880097
6,9880097
8,9880097
9,9880097
5,943452
6,943452
9,943452
10,943452
3,828734
8,828734
9,828734
2,805017
4,805017
7,805017
2,9828583
4,9828583
5,9828583
9,9828583
10,9828583
