provider_id,servicos_comp,custo_comp,avaliacao_comp,score
6125840,14,0.2777777777777778,4,1.0
6053289,15,0.25,3,0.9980372914622178
6228925,15,0.2222222222222222,3,0.9960745829244355
5439760,14,0.18518518518518517,4,0.993457638207393
9849238,13,0.13043478260869565,5,0.9895891112343729
822639,15,0.11538461538461539,3,0.988525703932966
9171762,14,0.07407407407407407,4,0.9856068040562642
4002601,14,0.3333333333333333,3,0.9332679097154071
9773053,14,0.3333333333333333,3,0.9332679097154071
9700803,13,0.3076923076923077,4,0.9314561787574545
2950545,15,0.2727272727272727,2,0.9289856365420643
5971683,13,0.25,4,0.9273797841020608
5668891,13,0.23809523809523808,4,0.926538623300154
3920011,13,0.19047619047619047,4,0.9231739800925276
6221173,13,0.18181818181818182,4,0.9225622267820501
633496,14,0.17857142857142858,3,0.9223328192906208
7793685,14,0.16,3,0.9210206084396466
7272642,14,0.15789473684210525,3,0.9208718557925728
4063082,14,0.14285714285714285,3,0.919809336884901
7323425,14,0.14285714285714285,3,0.919809336884901
3736636,12,0.14285714285714285,5,0.919809336884901
6339352,14,0.1111111111111111,3,0.91756624141315
6229778,15,0.0967741935483871,2,0.91655323055494
2355043,13,0.5,3,0.8743866535819431
6594808,14,0.36363636363636365,2,0.8647515389419216
981060,14,0.35714285714285715,2,0.8642927239590634
7418590,14,0.3333333333333333,2,0.8626104023552501
7125429,14,0.2777777777777778,2,0.8586849852796861
7150199,14,0.26666666666666666,2,0.857899901864573
9556710,15,0.2631578947368421,1,0.8576519807861165
9312188,14,0.2631578947368421,2,0.8576519807861165
7943350,14,0.25,2,0.8567222767419038
6989098,14,0.25,2,0.8567222767419038
6516041,13,0.25,3,0.8567222767419038
9868259,14,0.25,2,0.8567222767419038
9832483,13,0.25,3,0.8567222767419038
5567726,13,0.23076923076923078,3,0.8553634785234392
2846276,12,0.23076923076923078,4,0.8553634785234392
9837159,13,0.2222222222222222,3,0.8547595682041216
6756255,13,0.2222222222222222,3,0.8547595682041216
2547996,13,0.21428571428571427,3,0.854198794336184
6486843,12,0.21428571428571427,4,0.854198794336184
6622089,13,0.21052631578947367,3,0.8539331646092658
6135803,14,0.21052631578947367,2,0.8539331646092658
3978788,12,0.2,4,0.8531894013738959
3189163,14,0.2,2,0.8531894013738959
6520286,12,0.19230769230769232,4,0.8526458820865102
260789,12,0.19047619047619047,4,0.8525164727323706
7998228,14,0.19047619047619047,2,0.8525164727323706
2708361,13,0.19047619047619047,3,0.8525164727323706
794546,13,0.19047619047619047,3,0.8525164727323706
9676848,14,0.18181818181818182,2,0.8519047194218932
6704085,14,0.18181818181818182,2,0.8519047194218932
7640013,14,0.17647058823529413,2,0.851526871788951
210439,12,0.17647058823529413,4,0.851526871788951
9901116,15,0.17647058823529413,1,0.851526871788951
2688212,14,0.16666666666666666,2,0.8508341511285575
9628916,14,0.16666666666666666,2,0.8508341511285575
9247815,14,0.16666666666666666,2,0.8508341511285575
6601146,14,0.16129032258064516,2,0.8504542720567285
7409737,12,0.16,4,0.8503631010794896
9277978,14,0.16,2,0.8503631010794896
304514,14,0.16,2,0.8503631010794896
2358719,12,0.15384615384615385,4,0.8499282856495809
2746271,14,0.15384615384615385,2,0.8499282856495809
6914705,13,0.15384615384615385,3,0.8499282856495809
998842,13,0.14814814814814814,3,0.849525678770036
2596377,14,0.14285714285714285,2,0.849151829524744
7302339,12,0.14285714285714285,4,0.849151829524744
2950456,15,0.14285714285714285,1,0.849151829524744
9553266,14,0.13636363636363635,2,0.8486930145418861
786985,12,0.13636363636363635,4,0.8486930145418861
6397182,13,0.13333333333333333,3,0.8484789008832188
5341671,14,0.125,2,0.8478900883218841
921874,14,0.1111111111111111,2,0.846908734052993
5472210,14,0.1111111111111111,2,0.846908734052993
2322331,14,0.1111111111111111,2,0.846908734052993
3373177,14,0.10526315789473684,2,0.8464955322555652
4049799,14,0.10526315789473684,2,0.8464955322555652
6843239,13,0.10344827586206896,3,0.846367297214984
3293262,12,0.1,4,0.8461236506378804
9218793,13,0.09523809523809523,3,0.8457871863171176
9894128,13,0.08695652173913043,3,0.8452020309766606
7107447,12,0.06666666666666667,4,0.8437684003925416
5054834,11,0.5,4,0.8037291462217859
7061528,14,0.42857142857142855,1,0.7986821814103462
5496950,12,0.4,3,0.7966633954857703
7948247,13,0.3333333333333333,2,0.7919528949950931
805017,11,0.3,4,0.7895976447497546
5229618,13,0.2857142857142857,2,0.7885882517874667
5598370,12,0.2857142857142857,3,0.7885882517874667
832537,13,0.2727272727272727,2,0.7876706218217504
815233,11,0.2631578947368421,4,0.7869944734259593
6326137,11,0.2631578947368421,4,0.7869944734259593
3654044,12,0.25,3,0.7860647693817469
832189,12,0.25,3,0.7860647693817469
9047522,13,0.25,2,0.7860647693817469
7173946,12,0.25,3,0.7860647693817469
6200559,12,0.23076923076923078,3,0.7847059711632822
148245,12,0.2222222222222222,3,0.7841020608439646
3035042,12,0.2222222222222222,3,0.7841020608439646
6856098,14,0.2222222222222222,1,0.7841020608439646
3072398,12,0.2222222222222222,3,0.7841020608439646
70904,13,0.21428571428571427,2,0.7835412869760268
4106989,14,0.21428571428571427,1,0.7835412869760268
9592687,14,0.21052631578947367,1,0.7832756572491091
204234,12,0.20833333333333334,3,0.7831207065750736
9053859,13,0.2,2,0.7825318940137389
5383382,12,0.2,3,0.7825318940137389
9911316,13,0.2,2,0.7825318940137389
9133968,11,0.2,4,0.7825318940137389
9892931,12,0.2,3,0.7825318940137389
3291936,12,0.2,3,0.7825318940137389
9496319,10,0.19047619047619047,5,0.7818589653722137
9557377,13,0.1875,2,0.7816486751717369
605808,13,0.17647058823529413,2,0.7808693644287941
6165354,14,0.17647058823529413,1,0.7808693644287941
3305392,12,0.17647058823529413,3,0.7808693644287941
6483100,13,0.16666666666666666,2,0.7801766437684003
901768,12,0.16666666666666666,3,0.7801766437684003
7785356,13,0.15789473684210525,2,0.7795568410722586
4047273,13,0.15789473684210525,2,0.7795568410722586
6263259,13,0.15384615384615385,2,0.7792707782894239
3567354,11,0.14814814814814814,4,0.7788681714098791
9809546,14,0.14285714285714285,1,0.778494322164587
7051697,13,0.13636363636363635,2,0.7780355071817289
4039106,14,0.13333333333333333,1,0.7778213935230618
9318682,12,0.125,3,0.7772325809617271
2742691,13,0.125,2,0.7772325809617271
7790996,12,0.125,3,0.7772325809617271
3794318,12,0.11764705882352941,3,0.7767130404664317
9105042,13,0.10714285714285714,2,0.7759708397588672
106992,12,0.09523809523809523,3,0.7751296789569606
9833773,13,0.09090909090909091,2,0.7748238023017218
7615418,11,0.08695652173913043,4,0.7745445236165038
106690,13,0.08333333333333333,2,0.7742885181550541
4136829,12,0.08,3,0.77405299313052
4111923,10,1.0,4,0.7684003925417076
7123353,11,0.0,4,0.7684003925417076
7152434,10,0.6666666666666666,4,0.7448478900883218
7603797,12,0.6,2,0.7401373895976446
9276807,12,0.5,2,0.733071638861629
9679014,12,0.4,2,0.7260058881256133
9051295,11,0.4,3,0.7260058881256133
971871,12,0.375,2,0.7242394504416094
678414,12,0.3333333333333333,2,0.7212953876349362
6742432,10,0.3333333333333333,4,0.7212953876349362
9552472,10,0.3125,4,0.7198233562315997
3606988,11,0.3076923076923077,3,0.7194836566769836
702811,11,0.3,3,0.7189401373895976
486485,12,0.29411764705882354,2,0.7185245049933615
4005309,13,0.2857142857142857,1,0.7179307444273098
678589,10,0.2857142857142857,4,0.7179307444273098
6408850,10,0.25,4,0.7154072620215897
6579078,10,0.25,4,0.7154072620215897
4178637,12,0.25,2,0.7154072620215897
6113737,12,0.25,2,0.7154072620215897
7882327,12,0.25,2,0.7154072620215897
3856771,10,0.25,4,0.7154072620215897
5479959,12,0.23809523809523808,2,0.7145661012196831
118621,13,0.23529411764705882,1,0.7143681810309992
7596871,12,0.23529411764705882,2,0.7143681810309992
7855249,12,0.23529411764705882,2,0.7143681810309992
6638325,13,0.23529411764705882,1,0.7143681810309992
7595131,13,0.23076923076923078,1,0.714048463803125
3360768,12,0.23076923076923078,2,0.714048463803125
3883469,12,0.22727272727272727,2,0.7138014095815861
3392325,12,0.2222222222222222,2,0.7134445534838076
450502,11,0.2222222222222222,3,0.7134445534838076
26336,12,0.2222222222222222,2,0.7134445534838076
6722075,10,0.2222222222222222,4,0.7134445534838076
109150,11,0.2222222222222222,3,0.7134445534838076
2578670,11,0.21739130434782608,3,0.7131032128685411
9893210,13,0.21739130434782608,1,0.7131032128685411
9791302,11,0.21052631578947367,3,0.7126181498889521
5361877,13,0.21052631578947367,1,0.7126181498889521
3619664,13,0.21052631578947367,1,0.7126181498889521
6504981,11,0.2,3,0.7118743866535819
2864746,12,0.2,2,0.7118743866535819
7355270,13,0.2,1,0.7118743866535819
9814221,11,0.2,3,0.7118743866535819
7690630,11,0.2,3,0.7118743866535819
975478,10,0.2,4,0.7118743866535819
3708764,11,0.2,3,0.7118743866535819
1043935,12,0.19230769230769232,2,0.711330867366196
7855273,12,0.19047619047619047,2,0.7112014580120565
9995110,11,0.19047619047619047,3,0.7112014580120565
7997965,12,0.19047619047619047,2,0.7112014580120565
9241671,12,0.19047619047619047,2,0.7112014580120565
2495015,12,0.1875,2,0.7109911678115799
2696185,9,0.1875,5,0.7109911678115799
1034251,12,0.1875,2,0.7109911678115799
7167474,12,0.18181818181818182,2,0.710589704701579
6392458,13,0.18181818181818182,1,0.710589704701579
2783975,12,0.17857142857142858,2,0.7103602972101499
3326853,12,0.17647058823529413,2,0.7102118570686371
6090052,11,0.17647058823529413,3,0.7102118570686371
6053254,12,0.17647058823529413,2,0.7102118570686371
2172275,12,0.17647058823529413,2,0.7102118570686371
2582333,11,0.1724137931034483,3,0.70992521403675
7742908,12,0.1724137931034483,2,0.70992521403675
802034,12,0.16666666666666666,2,0.7095191364082434
4029364,12,0.16666666666666666,2,0.7095191364082434
2746719,13,0.16666666666666666,1,0.7095191364082434
7060335,12,0.16666666666666666,2,0.7095191364082434
408727,10,0.16666666666666666,4,0.7095191364082434
6158188,11,0.16666666666666666,3,0.7095191364082434
87564,11,0.16666666666666666,3,0.7095191364082434
938424,12,0.16666666666666666,2,0.7095191364082434
395579,11,0.16,3,0.7090480863591757
894885,13,0.15789473684210525,1,0.7088993337121015
849065,12,0.15789473684210525,2,0.7088993337121015
9325298,11,0.15384615384615385,3,0.708613270929267
997986,10,0.15384615384615385,4,0.708613270929267
3716856,13,0.15,1,0.708341511285574
7075375,13,0.14285714285714285,1,0.7078368148044301
933562,13,0.14285714285714285,1,0.7078368148044301
5373115,12,0.13043478260869565,2,0.7069590817937448
3677508,10,0.125,4,0.7065750736015701
77461,11,0.125,3,0.7065750736015701
6390455,11,0.125,3,0.7065750736015701
6946127,10,0.125,4,0.7065750736015701
9378111,12,0.125,2,0.7065750736015701
9976809,11,0.12,3,0.7062217860647693
9478221,11,0.12,3,0.7062217860647693
9549781,12,0.11538461538461539,2,0.7058956744923377
6456367,11,0.1111111111111111,3,0.7055937193326789
9476563,12,0.1111111111111111,2,0.7055937193326789
3271722,12,0.1,2,0.704808635917566
5051916,13,0.1,1,0.704808635917566
213411,11,0.08333333333333333,3,0.7036310107948969
5171423,13,0.07407407407407407,1,0.7029767746156361
2135256,10,0.058823529411764705,4,0.7018992091439127
2580160,12,0.05555555555555555,2,0.7016683022571146
881120,12,0.05,2,0.7012757605495583
3933709,11,0.03571428571428571,3,0.7002663675872705
7823193,10,1.0,3,0.6977428851815504
49271,11,0.0,3,0.6977428851815504
6119778,9,0.6666666666666666,4,0.6741903827281648
5703026,11,0.5,2,0.662414131501472
38865,10,0.5,3,0.662414131501472
7404107,12,0.5,1,0.662414131501472
6068502,12,0.4,1,0.6553483807654563
458147,10,0.38461538461538464,3,0.6542613421906847
9377204,11,0.375,2,0.6535819430814522
9810463,11,0.3333333333333333,2,0.6506378802747792
2273799,11,0.3333333333333333,2,0.6506378802747792
111945,9,0.3333333333333333,4,0.6506378802747792
2696339,11,0.3333333333333333,2,0.6506378802747792
9802126,12,0.3333333333333333,1,0.6506378802747792
2630419,10,0.3125,3,0.6491658488714425
7729499,11,0.2857142857142857,2,0.6472732370671526
2680823,10,0.2857142857142857,3,0.6472732370671526
6549128,11,0.2857142857142857,2,0.6472732370671526
3799816,10,0.2857142857142857,3,0.6472732370671526
248924,10,0.2777777777777778,3,0.6467124631992149
9203389,12,0.25,1,0.6447497546614327
6178731,12,0.25,1,0.6447497546614327
6617182,12,0.25,1,0.6447497546614327
7090455,11,0.25,2,0.6447497546614327
9927034,11,0.25,2,0.6447497546614327
9572171,11,0.25,2,0.6447497546614327
7160984,11,0.25,2,0.6447497546614327
9327320,10,0.25,3,0.6447497546614327
7739214,10,0.25,3,0.6447497546614327
2097028,10,0.25,3,0.6447497546614327
2669161,11,0.22727272727272727,2,0.6431439022214291
3699617,11,0.22727272727272727,2,0.6431439022214291
909130,11,0.2222222222222222,2,0.6427870461236505
5208572,11,0.2222222222222222,2,0.6427870461236505
6828841,10,0.21052631578947367,3,0.6419606425287949
7995067,11,0.21052631578947367,2,0.6419606425287949
5548926,10,0.21052631578947367,3,0.6419606425287949
9734430,11,0.20833333333333334,2,0.6418056918547594
6193641,10,0.2,3,0.6412168792934247
3001946,10,0.2,3,0.6412168792934247
3925935,9,0.2,4,0.6412168792934247
2771373,12,0.2,1,0.6412168792934247
5237904,10,0.2,3,0.6412168792934247
4027043,10,0.2,3,0.6412168792934247
6833896,11,0.2,2,0.6412168792934247
3752763,10,0.19047619047619047,3,0.6405439506518995
2549808,11,0.19047619047619047,2,0.6405439506518995
9705767,11,0.19047619047619047,2,0.6405439506518995
3197727,10,0.19047619047619047,3,0.6405439506518995
5067111,12,0.19047619047619047,1,0.6405439506518995
815691,12,0.1875,1,0.6403336604514229
7811799,11,0.1875,2,0.6403336604514229
943452,10,0.18181818181818182,3,0.639932197341422
3923371,10,0.18181818181818182,3,0.639932197341422
9906096,10,0.18181818181818182,3,0.639932197341422
9362614,11,0.17647058823529413,2,0.6395543497084799
5039223,11,0.17391304347826086,2,0.639373639970986
2975181,11,0.17391304347826086,2,0.639373639970986
7025661,11,0.17391304347826086,2,0.639373639970986
2587246,11,0.17391304347826086,2,0.639373639970986
9995587,12,0.1724137931034483,1,0.6392677066765928
7746881,12,0.16666666666666666,1,0.6388616290480862
6607187,10,0.16666666666666666,3,0.6388616290480862
7973403,10,0.16666666666666666,3,0.6388616290480862
5685478,11,0.16666666666666666,2,0.6388616290480862
5274664,11,0.16666666666666666,2,0.6388616290480862
3585689,11,0.16666666666666666,2,0.6388616290480862
965278,10,0.16666666666666666,3,0.6388616290480862
6082122,11,0.16,2,0.6383905789990185
4156323,11,0.15789473684210525,2,0.6382418263519445
705594,10,0.15789473684210525,3,0.6382418263519445
6144365,12,0.15384615384615385,1,0.6379557635691098
3455572,11,0.14285714285714285,2,0.6371793074442729
9396977,11,0.14285714285714285,2,0.6371793074442729
223565,12,0.14285714285714285,1,0.6371793074442729
7520522,11,0.14285714285714285,2,0.6371793074442729
7921594,12,0.14285714285714285,1,0.6371793074442729
2675277,11,0.14285714285714285,2,0.6371793074442729
7305346,11,0.14285714285714285,2,0.6371793074442729
817066,11,0.13636363636363635,2,0.6367204924614149
658391,12,0.13333333333333333,1,0.6365063788027476
5990114,10,0.13333333333333333,3,0.6365063788027476
515485,10,0.13333333333333333,3,0.6365063788027476
816507,11,0.125,2,0.6359175662414132
7332076,12,0.125,1,0.6359175662414132
6415709,11,0.125,2,0.6359175662414132
2113260,10,0.125,3,0.6359175662414132
9731237,12,0.125,1,0.6359175662414132
6222838,10,0.125,3,0.6359175662414132
29742,12,0.12,1,0.6355642787046123
9714057,10,0.12,3,0.6355642787046123
6433855,10,0.11764705882352941,3,0.6353980257461178
2768712,10,0.11764705882352941,3,0.6353980257461178
3422542,10,0.1111111111111111,3,0.6349362119725219
6411770,10,0.1111111111111111,3,0.6349362119725219
673919,11,0.1111111111111111,2,0.6349362119725219
6100988,11,0.1111111111111111,2,0.6349362119725219
5741467,11,0.10714285714285714,2,0.6346558250385532
5049709,12,0.10714285714285714,1,0.6346558250385532
5711940,12,0.09523809523809523,1,0.6338146642366465
3538125,12,0.09523809523809523,1,0.6338146642366465
2552205,12,0.09523809523809523,1,0.6338146642366465
7890516,10,0.09375,3,0.6337095191364082
7220073,10,0.09090909090909091,3,0.6335087875814078
9083677,11,0.09090909090909091,2,0.6335087875814078
2560712,11,0.09090909090909091,2,0.6335087875814078
713635,12,0.08695652173913043,1,0.6332295088961897
2940558,11,0.08333333333333333,2,0.6329735034347399
5988969,11,0.08333333333333333,2,0.6329735034347399
9513639,11,0.07692307692307693,2,0.6325205706952517
3878430,11,0.07692307692307693,2,0.6325205706952517
4000986,10,0.07407407407407407,3,0.6323192672554792
9148744,10,0.06666666666666667,3,0.6317958783120705
9880097,11,0.047619047619047616,2,0.63045002102902
6924778,10,0.0,3,0.6270853778213934
112674,11,1.0,1,0.6270853778213934
7226446,11,0.0,2,0.6270853778213934
6199275,9,0.0,4,0.6270853778213934
9296808,10,0.0,3,0.6270853778213934
9821171,12,0.0,1,0.6270853778213934
3015734,12,0.0,1,0.6270853778213934
6165443,9,1.0,3,0.6270853778213934
5241170,11,0.0,2,0.6270853778213934
665045,9,0.6666666666666666,3,0.6035328753680078
7331649,10,0.6666666666666666,2,0.6035328753680078
3919749,9,0.5,3,0.591756624141315
5044162,9,0.5,3,0.591756624141315
6882439,9,0.5,3,0.591756624141315
6281184,8,0.5,4,0.591756624141315
6536387,9,0.5,3,0.591756624141315
2846810,10,0.4444444444444444,2,0.5878312070657508
9967893,10,0.42857142857142855,2,0.5867096593298751
7247214,11,0.35714285714285715,1,0.5816626945184353
9999728,8,0.35714285714285715,4,0.5816626945184353
3647595,10,0.3333333333333333,2,0.5799803729146222
3384551,9,0.3333333333333333,3,0.5799803729146222
7595085,9,0.3333333333333333,3,0.5799803729146222
823643,9,0.3333333333333333,3,0.5799803729146222
5315557,11,0.3333333333333333,1,0.5799803729146222
2842858,10,0.2857142857142857,2,0.5766157297069956
7148828,9,0.2857142857142857,3,0.5766157297069956
9031731,11,0.2857142857142857,1,0.5766157297069956
3902358,8,0.2727272727272727,4,0.5756980997412793
9641319,9,0.26666666666666666,3,0.5752698724239451
11495,8,0.26666666666666666,4,0.5752698724239451
3146790,10,0.26666666666666666,2,0.5752698724239451
2154803,11,0.26666666666666666,1,0.5752698724239451
3662322,8,0.25,4,0.5740922473012757
9573992,10,0.25,2,0.5740922473012757
3016773,8,0.25,4,0.5740922473012757
7862180,10,0.25,2,0.5740922473012757
3696502,10,0.25,2,0.5740922473012757
6311466,10,0.25,2,0.5740922473012757
9454616,9,0.25,3,0.5740922473012757
3794954,9,0.25,3,0.5740922473012757
5161266,11,0.25,1,0.5740922473012757
3189236,10,0.25,2,0.5740922473012757
5360331,10,0.23809523809523808,2,0.573251086499369
9735984,10,0.23529411764705882,2,0.573053166310685
2630435,10,0.23529411764705882,2,0.573053166310685
2251388,9,0.23076923076923078,3,0.5727334490828111
101176,9,0.23076923076923078,3,0.5727334490828111
2893851,10,0.22727272727272727,2,0.5724863948612722
3413098,9,0.2222222222222222,3,0.5721295387634935
7922388,9,0.2222222222222222,3,0.5721295387634935
3476588,11,0.2222222222222222,1,0.5721295387634935
3929353,9,0.2222222222222222,3,0.5721295387634935
3777901,10,0.21428571428571427,2,0.5715687648955556
5720613,11,0.21428571428571427,1,0.5715687648955556
5123372,10,0.21428571428571427,2,0.5715687648955556
652032,10,0.21052631578947367,2,0.571303135168638
9148817,9,0.21052631578947367,3,0.571303135168638
846252,10,0.2,2,0.5705593719332678
38911,10,0.2,2,0.5705593719332678
9836845,11,0.2,1,0.5705593719332678
7150105,9,0.2,3,0.5705593719332678
2640384,10,0.2,2,0.5705593719332678
5174988,10,0.2,2,0.5705593719332678
830542,10,0.2,2,0.5705593719332678
7386710,10,0.2,2,0.5705593719332678
2584417,10,0.1875,2,0.569676153091266
9980229,10,0.1875,2,0.569676153091266
3716716,10,0.18181818181818182,2,0.5692746899812651
9828583,9,0.18181818181818182,3,0.5692746899812651
9701923,7,0.17647058823529413,5,0.5688968423483229
670251,9,0.17647058823529413,3,0.5688968423483229
3876187,10,0.17647058823529413,2,0.5688968423483229
3603164,11,0.17391304347826086,1,0.568716132610829
5126649,11,0.16666666666666666,1,0.5682041216879292
224243,9,0.16666666666666666,3,0.5682041216879292
3443965,8,0.16666666666666666,4,0.5682041216879292
6960707,9,0.16666666666666666,3,0.5682041216879292
3006751,9,0.16666666666666666,3,0.5682041216879292
2346230,9,0.16,3,0.5677330716388616
6466907,9,0.16,3,0.5677330716388616
2947927,10,0.15789473684210525,2,0.5675843189917875
3082288,9,0.15789473684210525,3,0.5675843189917875
7559194,9,0.15384615384615385,3,0.5672982562089528
9444440,9,0.15384615384615385,3,0.5672982562089528
9959424,9,0.15384615384615385,3,0.5672982562089528
4052374,9,0.15,3,0.56702649656526
9053409,10,0.15,2,0.56702649656526
6942806,11,0.14814814814814814,1,0.566895649329408
1083449,8,0.14285714285714285,4,0.5665218000841159
5306035,11,0.14285714285714285,1,0.5665218000841159
5126711,10,0.14285714285714285,2,0.5665218000841159
3934381,10,0.14285714285714285,2,0.5665218000841159
5278120,11,0.14285714285714285,1,0.5665218000841159
9564438,11,0.14285714285714285,1,0.5665218000841159
6745822,10,0.14285714285714285,2,0.5665218000841159
5263867,10,0.14285714285714285,2,0.5665218000841159
5105919,10,0.14285714285714285,2,0.5665218000841159
223301,10,0.14285714285714285,2,0.5665218000841159
2362872,9,0.13793103448275862,3,0.566173733545396
6105386,10,0.13636363636363635,2,0.566062985101258
863629,10,0.13333333333333333,2,0.5658488714425907
692085,9,0.13043478260869565,3,0.5656440670734308
7545517,9,0.125,3,0.565260058881256
7236824,10,0.125,2,0.565260058881256
9724087,8,0.125,4,0.565260058881256
838047,8,0.125,4,0.565260058881256
9951318,9,0.125,3,0.565260058881256
9970762,10,0.12121212121212122,2,0.5649924168079221
658316,10,0.1111111111111111,2,0.564278704612365
3221822,10,0.1111111111111111,2,0.564278704612365
3765245,9,0.10526315789473684,3,0.5638655028149371
988855,10,0.10526315789473684,2,0.5638655028149371
9335978,9,0.10526315789473684,3,0.5638655028149371
3768902,9,0.1,3,0.5634936211972521
5190304,10,0.09090909090909091,2,0.5628512802212509
9994610,9,0.09090909090909091,3,0.5628512802212509
2997983,10,0.08333333333333333,2,0.5623159960745829
9077324,11,0.07142857142857142,1,0.5614748352726762
9885722,10,0.05555555555555555,2,0.5603532875368007
982601,10,0.0,2,0.5564278704612364
3233383,9,1.0,2,0.5564278704612364
7747411,9,0.0,3,0.5564278704612364
9292144,8,0.5,3,0.5210991167811578
9330194,10,0.5,1,0.5210991167811578
7560303,10,0.5,1,0.5210991167811578
5597838,9,0.5,2,0.5210991167811578
9102310,8,0.5,3,0.5210991167811578
4099648,9,0.42857142857142855,2,0.5160521519697181
7321112,10,0.42857142857142855,1,0.5160521519697181
3961478,10,0.42857142857142855,1,0.5160521519697181
796999,10,0.42857142857142855,1,0.5160521519697181
3574792,10,0.4,1,0.5140333660451422
755893,8,0.4,3,0.5140333660451422
3423824,8,0.4,3,0.5140333660451422
3820793,10,0.35714285714285715,1,0.5110051871582784
5717353,9,0.3333333333333333,2,0.509322865554465
3340333,9,0.3333333333333333,2,0.509322865554465
414034,10,0.3333333333333333,1,0.509322865554465
5554276,9,0.3333333333333333,2,0.509322865554465
4013476,9,0.3333333333333333,2,0.509322865554465
4048849,10,0.3333333333333333,1,0.509322865554465
874426,10,0.3076923076923077,1,0.5075111345965124
5404886,10,0.3,1,0.5069676153091265
9585826,9,0.2857142857142857,2,0.5059582223468386
7880073,10,0.2857142857142857,1,0.5059582223468386
5689252,8,0.2857142857142857,3,0.5059582223468386
2941201,9,0.2857142857142857,2,0.5059582223468386
3018369,9,0.2727272727272727,2,0.5050405923811223
208019,8,0.2727272727272727,3,0.5050405923811223
5384508,9,0.2727272727272727,2,0.5050405923811223
3534189,9,0.2727272727272727,2,0.5050405923811223
3193543,9,0.26666666666666666,2,0.5046123650637879
5633699,10,0.26666666666666666,1,0.5046123650637879
9440941,7,0.25,4,0.5034347399411188
2473232,10,0.25,1,0.5034347399411188
2739429,9,0.25,2,0.5034347399411188
6809367,8,0.25,3,0.5034347399411188
7719663,8,0.25,3,0.5034347399411188
9333541,10,0.25,1,0.5034347399411188
853186,8,0.25,3,0.5034347399411188
6247776,8,0.25,3,0.5034347399411188
6865011,8,0.25,3,0.5034347399411188
2337339,8,0.23076923076923078,3,0.5020759417226541
9309578,10,0.23076923076923078,1,0.5020759417226541
4109600,9,0.22727272727272727,2,0.501828887501115
5263468,10,0.22727272727272727,1,0.501828887501115
4091582,9,0.2222222222222222,2,0.5014720314033365
3729435,10,0.2222222222222222,1,0.5014720314033365
931373,8,0.2222222222222222,3,0.5014720314033365
9274359,9,0.2222222222222222,2,0.5014720314033365
2485761,9,0.2222222222222222,2,0.5014720314033365
6890628,10,0.2222222222222222,1,0.5014720314033365
2372053,7,0.21428571428571427,4,0.5009112575353987
7877285,10,0.21428571428571427,1,0.5009112575353987
3697258,8,0.21428571428571427,3,0.5009112575353987
9985263,9,0.21428571428571427,2,0.5009112575353987
5760003,9,0.21428571428571427,2,0.5009112575353987
2228602,9,0.21052631578947367,2,0.500645627808481
7594763,10,0.21052631578947367,1,0.500645627808481
2299259,8,0.2,3,0.49990186457311075
2984342,9,0.2,2,0.49990186457311075
6412572,9,0.2,2,0.49990186457311075
9716696,8,0.2,3,0.49990186457311075
6373283,10,0.2,1,0.49990186457311075
9798161,9,0.2,2,0.49990186457311075
6724116,10,0.19047619047619047,1,0.4992289359315855
5274761,8,0.1875,3,0.4990186457311088
7734352,10,0.18518518518518517,1,0.4988550866862937
9246029,9,0.18518518518518517,2,0.4988550866862937
9929460,10,0.18181818181818182,1,0.49861718262110793
2072394,9,0.17857142857142858,2,0.49838777512967886
5852048,8,0.17647058823529413,3,0.4982393349881659
2870894,10,0.17647058823529413,1,0.4982393349881659
9828982,8,0.17391304347826086,3,0.49805862525067196
7990553,9,0.16666666666666666,2,0.4975466143277722
5085713,9,0.16666666666666666,2,0.4975466143277722
4114655,6,0.16666666666666666,5,0.4975466143277722
6556620,8,0.16666666666666666,3,0.4975466143277722
9869158,8,0.16666666666666666,3,0.4975466143277722
272884,10,0.16666666666666666,1,0.4975466143277722
6521231,10,0.16129032258064516,1,0.4971667352559435
7541732,8,0.15384615384615385,3,0.4966407488487959
5320720,7,0.15384615384615385,4,0.4966407488487959
862290,10,0.15,1,0.49636898920510303
9213015,8,0.14814814814814814,3,0.4962381419692509
2869519,8,0.14285714285714285,3,0.495864292723959
7915705,8,0.14285714285714285,3,0.495864292723959
4116259,10,0.14285714285714285,1,0.495864292723959
9859934,8,0.14285714285714285,3,0.495864292723959
5678307,10,0.14285714285714285,1,0.495864292723959
9386106,10,0.14285714285714285,1,0.495864292723959
9301852,9,0.14285714285714285,2,0.495864292723959
3766241,8,0.14285714285714285,3,0.495864292723959
6561780,8,0.13333333333333333,3,0.49519136408243364
5976995,9,0.13333333333333333,2,0.49519136408243364
205591,7,0.13333333333333333,4,0.49519136408243364
7194013,10,0.13333333333333333,1,0.49519136408243364
3635163,8,0.13043478260869565,3,0.4949865597132738
5334489,8,0.13043478260869565,3,0.4949865597132738
6438415,9,0.125,2,0.49460255152109905
3710645,9,0.125,2,0.49460255152109905
673595,10,0.125,1,0.49460255152109905
6696317,9,0.125,2,0.49460255152109905
9978380,10,0.125,1,0.49460255152109905
7065485,8,0.11764705882352941,3,0.4940830110258037
9069305,8,0.1111111111111111,3,0.49362119725220793
9039309,9,0.10526315789473684,2,0.49320799545478017
6802982,10,0.1,1,0.4928361138370951
38083,9,0.09090909090909091,2,0.4921937728610937
6240682,10,0.09090909090909091,1,0.4921937728610937
9730044,9,0.09090909090909091,2,0.4921937728610937
483915,9,0.08333333333333333,2,0.4916584887144259
9970258,9,0.07692307692307693,2,0.4912055559749376
5042380,8,0.07407407407407407,3,0.49100425253516516
35602,10,0.07142857142857142,1,0.49081732791251914
2225913,7,0.05555555555555555,4,0.48969578017664367
3315827,8,0.041666666666666664,3,0.48871442590775255
6622909,9,0.0,2,0.4857703631010794
9562486,10,0.0,1,0.4857703631010794
5658586,10,0.0,1,0.4857703631010794
4024923,9,0.0,2,0.4857703631010794
2959917,8,0.0,3,0.4857703631010794
367389,9,1.0,1,0.4857703631010794
9942165,10,0.0,1,0.4857703631010794
535885,8,1.0,2,0.4857703631010794
459283,7,0.0,4,0.4857703631010794
9226753,9,0.5,1,0.4504416094210009
9504079,8,0.5,2,0.4504416094210009
6629482,9,0.4,1,0.44337585868498525
3003280,7,0.375,3,0.4416094210009813
9354891,8,0.375,2,0.4416094210009813
7640021,8,0.375,2,0.4416094210009813
6817882,6,0.3333333333333333,4,0.43866535819430813
7070675,7,0.3333333333333333,3,0.43866535819430813
130656,7,0.3333333333333333,3,0.43866535819430813
605689,7,0.3333333333333333,3,0.43866535819430813
7239602,8,0.3076923076923077,2,0.4368536272363554
7681593,7,0.3076923076923077,3,0.4368536272363554
3209830,8,0.3076923076923077,2,0.4368536272363554
9308806,8,0.29411764705882354,2,0.43589447555273336
694142,6,0.2857142857142857,4,0.4353007149866816
5405211,8,0.2857142857142857,2,0.4353007149866816
6951864,8,0.25,2,0.4327772325809616
9392041,8,0.25,2,0.4327772325809616
2253526,7,0.25,3,0.4327772325809616
9050574,8,0.25,2,0.4327772325809616
6243754,7,0.25,3,0.4327772325809616
6131573,8,0.25,2,0.4327772325809616
3109941,9,0.25,1,0.4327772325809616
6585760,7,0.25,3,0.4327772325809616
930059,9,0.23076923076923078,1,0.431418434362497
7057652,8,0.23076923076923078,2,0.431418434362497
296481,7,0.2222222222222222,3,0.4308145240431795
3524434,8,0.2222222222222222,2,0.4308145240431795
114480,7,0.2222222222222222,3,0.4308145240431795
9064516,7,0.2222222222222222,3,0.4308145240431795
3897036,9,0.2222222222222222,1,0.4308145240431795
6880959,9,0.21428571428571427,1,0.43025375017524176
9123792,7,0.21428571428571427,3,0.43025375017524176
5502667,9,0.21428571428571427,1,0.43025375017524176
5125766,8,0.21428571428571427,2,0.43025375017524176
2370727,9,0.21428571428571427,1,0.43025375017524176
9343172,8,0.21052631578947367,2,0.42998812044832396
9626727,8,0.2,2,0.4292443572129538
9639381,7,0.2,3,0.4292443572129538
4139844,9,0.2,1,0.4292443572129538
5362911,8,0.2,2,0.4292443572129538
3628949,7,0.2,3,0.4292443572129538
7859627,8,0.2,2,0.4292443572129538
4029690,6,0.2,4,0.4292443572129538
72141,7,0.2,3,0.4292443572129538
6599443,8,0.19047619047619047,2,0.42857142857142844
9779868,8,0.1875,2,0.42836113837095185
9648399,8,0.18518518518518517,2,0.4281975793261366
2776413,8,0.18181818181818182,2,0.42795967526095097
2433788,7,0.18181818181818182,3,0.42795967526095097
260649,7,0.18181818181818182,3,0.42795967526095097
5341329,8,0.18181818181818182,2,0.42795967526095097
9124349,7,0.18181818181818182,3,0.42795967526095097
6316247,9,0.17647058823529413,1,0.42758182762800895
7540833,8,0.16666666666666666,2,0.42688910696761523
7160097,8,0.16666666666666666,2,0.42688910696761523
3000907,7,0.16666666666666666,3,0.42688910696761523
2932970,8,0.16666666666666666,2,0.42688910696761523
261076,7,0.16666666666666666,3,0.42688910696761523
9196978,8,0.16666666666666666,2,0.42688910696761523
9677356,7,0.16666666666666666,3,0.42688910696761523
7994230,7,0.16666666666666666,3,0.42688910696761523
6303889,7,0.16,3,0.42641805691854756
5303591,7,0.15789473684210525,3,0.4262693042714734
76821,8,0.15384615384615385,2,0.4259832414886388
3545342,9,0.14814814814814814,1,0.42558063460909384
5224314,8,0.14285714285714285,2,0.4252067853638019
7614608,6,0.14285714285714285,4,0.4252067853638019
9440496,8,0.14285714285714285,2,0.4252067853638019
4115600,7,0.14285714285714285,3,0.4252067853638019
3345394,7,0.14285714285714285,3,0.4252067853638019
2906139,7,0.13636363636363635,3,0.42474797038094386
7630093,8,0.13636363636363635,2,0.42474797038094386
3054586,9,0.13043478260869565,1,0.42432905235311674
511552,8,0.13043478260869565,2,0.42432905235311674
9869794,7,0.13043478260869565,3,0.42432905235311674
6740456,9,0.13043478260869565,1,0.42432905235311674
966053,8,0.12903225806451613,2,0.4242299534648137
380822,8,0.125,2,0.4239450441609421
272450,7,0.125,3,0.4239450441609421
680788,9,0.125,1,0.4239450441609421
9170901,7,0.1111111111111111,3,0.42296368989205096
7082266,7,0.1111111111111111,3,0.42296368989205096
2988976,9,0.1111111111111111,1,0.42296368989205096
9956468,8,0.1111111111111111,2,0.42296368989205096
9275312,8,0.1,2,0.4221786064769381
6552714,8,0.09523809523809523,2,0.4218421421561754
7658125,9,0.09090909090909091,1,0.42153626550093676
9283692,7,0.09090909090909091,3,0.42153626550093676
5365813,9,0.09090909090909091,1,0.42153626550093676
2141795,7,0.09090909090909091,3,0.42153626550093676
9171045,9,0.08333333333333333,1,0.42100098135426883
5857031,7,0.07142857142857142,3,0.4201598205523622
6517323,7,0.06666666666666667,3,0.41982335623159955
3149277,8,0.058823529411764705,2,0.41926917970328453
9604065,7,0.05,3,0.4186457311089303
3599388,8,1.0,1,0.41511285574092244
4068815,9,0.0,1,0.41511285574092244
6194567,8,1.0,1,0.41511285574092244
7868758,7,0.0,3,0.41511285574092244
9372067,8,0.0,2,0.41511285574092244
922293,6,1.0,3,0.41511285574092244
3971791,9,0.0,1,0.41511285574092244
6762654,7,0.75,2,0.39744847890088314
7093470,6,0.6666666666666666,3,0.39156035328753674
2943158,7,0.6666666666666666,2,0.39156035328753674
6532055,6,0.5,3,0.37978410206084395
2317397,7,0.4,2,0.3727183513248283
2398710,7,0.4,2,0.3727183513248283
9819630,7,0.3333333333333333,2,0.36800785083415116
7588003,7,0.3333333333333333,2,0.36800785083415116
5198054,7,0.3333333333333333,2,0.36800785083415116
5452562,6,0.3333333333333333,3,0.36800785083415116
9534075,8,0.3333333333333333,1,0.36800785083415116
513938,6,0.3333333333333333,3,0.36800785083415116
3325369,6,0.3333333333333333,3,0.36800785083415116
7290497,7,0.3333333333333333,2,0.36800785083415116
7085044,6,0.3333333333333333,3,0.36800785083415116
6800114,7,0.3333333333333333,2,0.36800785083415116
7169272,6,0.3333333333333333,3,0.36800785083415116
7990359,8,0.3125,1,0.3665358194308144
988510,7,0.3076923076923077,2,0.3661961198761983
2085577,8,0.2857142857142857,1,0.36464320762652463
7809786,7,0.2857142857142857,2,0.36464320762652463
752576,5,0.2857142857142857,4,0.36464320762652463
7358776,7,0.2857142857142857,2,0.36464320762652463
2841649,6,0.2727272727272727,3,0.3637255776608083
617768,6,0.2727272727272727,3,0.3637255776608083
7085249,7,0.2727272727272727,2,0.3637255776608083
9166270,7,0.2727272727272727,2,0.3637255776608083
3754901,7,0.25,2,0.36211972522080466
2932520,7,0.25,2,0.36211972522080466
257842,6,0.25,3,0.36211972522080466
6244203,6,0.25,3,0.36211972522080466
7468083,7,0.25,2,0.36211972522080466
7063067,7,0.25,2,0.36211972522080466
9798978,7,0.25,2,0.36211972522080466
2265427,7,0.25,2,0.36211972522080466
2797976,6,0.23076923076923078,3,0.36076092700234
6128963,7,0.23076923076923078,2,0.36076092700234
2308274,8,0.2222222222222222,1,0.3601570166830224
6466184,8,0.2222222222222222,1,0.3601570166830224
3691810,8,0.21739130434782608,1,0.35981567606775605
7198531,7,0.21739130434782608,2,0.35981567606775605
6657125,7,0.21428571428571427,2,0.3595962428150847
9983082,7,0.21428571428571427,2,0.3595962428150847
7462166,6,0.21428571428571427,3,0.3595962428150847
6443664,7,0.21052631578947367,2,0.3593306130881669
3688720,7,0.20833333333333334,2,0.3591756624141315
6814506,8,0.20833333333333334,1,0.3591756624141315
3335593,7,0.2,2,0.3585868498527967
6770975,8,0.2,1,0.3585868498527967
7267207,5,0.2,4,0.3585868498527967
2401525,6,0.2,3,0.3585868498527967
2313820,7,0.19230769230769232,2,0.3580433305654109
6817785,7,0.19047619047619047,2,0.35791392121127147
6065945,7,0.1875,2,0.3577036310107949
106089,8,0.1875,1,0.3577036310107949
9919791,7,0.18181818181818182,2,0.3573021679007939
7893930,6,0.18181818181818182,3,0.3573021679007939
2790092,6,0.17647058823529413,3,0.35692432026785187
7118198,6,0.17647058823529413,3,0.35692432026785187
9703306,6,0.17647058823529413,3,0.35692432026785187
7780354,8,0.17391304347826086,1,0.356743610530358
6915000,8,0.16666666666666666,1,0.35623159960745815
7802455,8,0.16666666666666666,1,0.35623159960745815
553662,7,0.16666666666666666,2,0.35623159960745815
3528758,8,0.16666666666666666,1,0.35623159960745815
851043,7,0.16666666666666666,2,0.35623159960745815
2066505,7,0.16666666666666666,2,0.35623159960745815
7146973,6,0.16666666666666666,3,0.35623159960745815
957011,8,0.16,1,0.3557605495583905
3328422,7,0.16,2,0.3557605495583905
4127676,7,0.15789473684210525,2,0.35561179691131645
6698514,7,0.15789473684210525,2,0.35561179691131645
2925494,7,0.15789473684210525,2,0.35561179691131645
9489770,7,0.15384615384615385,2,0.35532573412848184
4074912,8,0.15384615384615385,1,0.35532573412848184
3433803,7,0.15384615384615385,2,0.35532573412848184
7460600,8,0.15,1,0.355053974484789
7324634,8,0.14285714285714285,1,0.35454927800364494
7278284,5,0.14285714285714285,4,0.35454927800364494
5760569,8,0.14285714285714285,1,0.35454927800364494
9251529,7,0.14285714285714285,2,0.35454927800364494
1077848,6,0.14285714285714285,3,0.35454927800364494
880167,8,0.13636363636363635,1,0.3540904630207868
7161298,8,0.13636363636363635,1,0.3540904630207868
6829589,5,0.13333333333333333,4,0.3538763493621196
7072686,8,0.125,1,0.353287536800785
7307659,7,0.125,2,0.353287536800785
9599460,7,0.11764705882352941,2,0.3527679963054898
2011549,7,0.1111111111111111,2,0.3523061825318939
7578954,8,0.10810810810810811,1,0.3520939978251067
2276046,8,0.1,1,0.35152109911678103
9288449,8,0.1,1,0.35152109911678103
7530307,8,0.09090909090909091,1,0.3508787581407797
3821668,7,0.09090909090909091,2,0.3508787581407797
7486049,6,0.08695652173913043,3,0.35059947945556164
1066056,8,0.08,1,0.3501079489695779
6303641,6,0.07142857142857142,3,0.3495023131922052
6215785,7,0.05263157894736842,2,0.3481741645576158
6107559,5,0.0,4,0.34445534838076536
3871800,8,0.0,1,0.34445534838076536
7413459,6,0.0,3,0.34445534838076536
9801774,7,0.0,2,0.34445534838076536
9493964,6,0.0,3,0.34445534838076536
9732012,7,0.0,2,0.34445534838076536
9462457,7,0.0,2,0.34445534838076536
2091305,7,0.0,2,0.34445534838076536
3230554,5,1.0,3,0.34445534838076536
9597115,7,0.0,2,0.34445534838076536
6164226,7,0.6666666666666666,1,0.32090284592737967
4184300,5,0.6666666666666666,3,0.32090284592737967
9918825,6,0.5,2,0.3091265947006869
3916855,6,0.5,2,0.3091265947006869
3301370,6,0.5,2,0.3091265947006869
3352080,6,0.5,2,0.3091265947006869
2426285,6,0.4,2,0.3020608439646712
7146116,5,0.3333333333333333,3,0.2973503434739941
9086714,6,0.3333333333333333,2,0.2973503434739941
5401798,5,0.3333333333333333,3,0.2973503434739941
7699204,6,0.3333333333333333,2,0.2973503434739941
9273689,7,0.2857142857142857,1,0.29398570026636756
28606,6,0.2727272727272727,2,0.29306807030065124
5164761,6,0.25,2,0.2914622178606477
2250098,7,0.25,1,0.2914622178606477
7588240,7,0.25,1,0.2914622178606477
9209166,7,0.25,1,0.2914622178606477
6903584,6,0.25,2,0.2914622178606477
4024168,7,0.25,1,0.2914622178606477
5436508,5,0.23076923076923078,3,0.29010341964218306
5373409,7,0.2222222222222222,1,0.28949950932286544
2325616,7,0.21428571428571427,1,0.2889387354549277
3240630,6,0.21428571428571427,2,0.2889387354549277
262935,7,0.21428571428571427,1,0.2889387354549277
211478,6,0.2,2,0.28792934249263974
6651399,7,0.2,1,0.28792934249263974
6186157,7,0.2,1,0.28792934249263974
3528723,6,0.2,2,0.28792934249263974
6297943,6,0.2,2,0.28792934249263974
7206771,5,0.2,3,0.28792934249263974
828734,6,0.2,2,0.28792934249263974
7958404,6,0.2,2,0.28792934249263974
9560084,7,0.2,1,0.28792934249263974
7238916,6,0.2,2,0.28792934249263974
3686760,6,0.1875,2,0.2870461236506378
3621804,5,0.18181818181818182,3,0.2866446605406369
7933983,4,0.18181818181818182,4,0.2866446605406369
7127820,7,0.18181818181818182,1,0.2866446605406369
2865238,4,0.16666666666666666,4,0.2855740922473012
9067396,7,0.16666666666666666,1,0.2855740922473012
5007518,5,0.16666666666666666,3,0.2855740922473012
2021366,5,0.15789473684210525,3,0.2849542895511595
5367476,7,0.15384615384615385,1,0.28466822676832476
5701910,5,0.15384615384615385,3,0.28466822676832476
9236244,7,0.15,1,0.284396467124632
7211791,7,0.15,1,0.284396467124632
9197559,7,0.14814814814814814,1,0.2842656198887798
5854865,5,0.14285714285714285,3,0.283891770643488
179388,7,0.14285714285714285,1,0.283891770643488
7077297,7,0.14285714285714285,1,0.283891770643488
6646204,5,0.14285714285714285,3,0.283891770643488
844683,6,0.14285714285714285,2,0.283891770643488
3791300,6,0.13043478260869565,2,0.2830140376328028
6572189,5,0.125,3,0.28263002944062804
773425,7,0.125,1,0.28263002944062804
3670686,7,0.125,1,0.28263002944062804
6596401,6,0.10526315789473684,2,0.28123547337430904
9874925,7,0.1,1,0.28086359175662406
57681,6,0.1,2,0.28086359175662406
3490491,5,0.1,3,0.28086359175662406
6110312,7,0.1,1,0.28086359175662406
826146,7,0.07692307692307693,1,0.2792330338944666
3587126,7,0.0,1,0.2737978410206084
2613336,5,0.0,3,0.2737978410206084
3716244,4,1.0,3,0.2737978410206084
3788237,6,1.0,1,0.2737978410206084
6692141,5,0.0,3,0.2737978410206084
3419738,6,1.0,1,0.2737978410206084
9046828,7,0.0,1,0.2737978410206084
7586310,5,0.0,3,0.2737978410206084
6012639,5,0.6666666666666666,2,0.2502453385672227
7603037,4,0.6666666666666666,3,0.2502453385672227
6497853,5,0.5,2,0.2384690873405299
834505,4,0.5,3,0.2384690873405299
7566441,4,0.5,3,0.2384690873405299
2407892,5,0.5,2,0.2384690873405299
815861,6,0.4444444444444444,1,0.23454367026496564
223972,6,0.3333333333333333,1,0.226692836113837
9871829,5,0.3333333333333333,2,0.226692836113837
9421750,6,0.3333333333333333,1,0.226692836113837
2729040,5,0.3333333333333333,2,0.226692836113837
909580,4,0.2857142857142857,3,0.22332819290621048
9781889,6,0.2857142857142857,1,0.22332819290621048
7053118,5,0.2727272727272727,2,0.22241056294049416
6367534,5,0.25,2,0.2208047105004906
455288,6,0.23076923076923078,1,0.2194459122820261
5250390,5,0.23076923076923078,2,0.2194459122820261
9289399,5,0.2,2,0.21727183513248277
2863448,6,0.2,1,0.21727183513248277
6012469,4,0.2,3,0.21727183513248277
7623720,5,0.2,2,0.21727183513248277
6458939,6,0.2,1,0.21727183513248277
5223520,6,0.18181818181818182,1,0.21598715318047995
7845804,5,0.17647058823529413,2,0.21560930554753793
5399203,5,0.16666666666666666,2,0.2149165848871442
2117614,5,0.16666666666666666,2,0.2149165848871442
5793009,6,0.16666666666666666,1,0.2149165848871442
902306,5,0.16666666666666666,2,0.2149165848871442
4124987,5,0.16666666666666666,2,0.2149165848871442
9378332,6,0.16666666666666666,1,0.2149165848871442
5876575,6,0.15384615384615385,1,0.2140107194081679
9644113,5,0.15384615384615385,2,0.2140107194081679
3798410,5,0.14285714285714285,2,0.213234263283331
109657,6,0.14285714285714285,1,0.213234263283331
4137655,6,0.14285714285714285,1,0.213234263283331
7958447,5,0.13636363636363635,2,0.21277544830047285
7431635,6,0.13043478260869565,1,0.21235653027264573
3871975,3,0.125,4,0.21197252208047096
2700921,6,0.125,1,0.21197252208047096
7797753,3,0.125,4,0.21197252208047096
5253411,5,0.125,2,0.21197252208047096
9361111,5,0.125,2,0.21197252208047096
9520643,5,0.125,2,0.21197252208047096
9335021,5,0.125,2,0.21197252208047096
2861143,6,0.125,1,0.21197252208047096
6988407,6,0.06666666666666667,1,0.20785083415112848
4151445,6,0.058823529411764705,1,0.20729665762281352
2274590,5,0.058823529411764705,2,0.20729665762281352
3746348,5,0.05263157894736842,2,0.20685914983730175
9541489,5,0.0,2,0.20314033366045137
2745372,4,0.0,3,0.20314033366045137
6425593,5,0.0,2,0.20314033366045137
5894190,6,0.0,1,0.20314033366045137
6665632,5,1.0,1,0.20314033366045137
5708281,5,0.5,1,0.16781157998037288
6526535,4,0.5,2,0.16781157998037288
9871047,4,0.5,2,0.16781157998037288
6241794,4,0.4,2,0.1607458292443572
3744817,4,0.3333333333333333,2,0.15603532875368004
706183,5,0.3333333333333333,1,0.15603532875368004
4094581,5,0.3333333333333333,1,0.15603532875368004
5282373,5,0.3333333333333333,1,0.15603532875368004
2916088,4,0.2857142857142857,2,0.1526706855460535
3045390,5,0.25,1,0.15014720314033364
7944136,4,0.25,2,0.15014720314033364
3059227,5,0.25,1,0.15014720314033364
774529,4,0.25,2,0.15014720314033364
3073440,4,0.25,2,0.15014720314033364
7556071,4,0.25,2,0.15014720314033364
3439623,4,0.2222222222222222,2,0.1481844946025515
4040899,5,0.2,1,0.1466143277723258
3664082,5,0.2,1,0.1466143277723258
3473945,4,0.18181818181818182,2,0.14532964582032293
9064400,4,0.16666666666666666,2,0.14425907752698724
9272429,5,0.16666666666666666,1,0.14425907752698724
7948425,4,0.16666666666666666,2,0.14425907752698724
7890435,5,0.14285714285714285,1,0.14257675592317398
9127410,4,0.14285714285714285,2,0.14257675592317398
3272818,4,0.14285714285714285,2,0.14257675592317398
421677,5,0.14285714285714285,1,0.14257675592317398
3138690,4,0.14285714285714285,2,0.14257675592317398
2332078,4,0.07692307692307693,2,0.13791801917415258
918164,4,0.07142857142857142,2,0.13752979111173413
6928498,5,0.0,1,0.13248282630029434
5064716,5,0.0,1,0.13248282630029434
9129537,3,0.0,3,0.13248282630029434
6231225,5,0.0,1,0.13248282630029434
769371,4,0.0,2,0.13248282630029434
3162354,4,0.0,2,0.13248282630029434
5778395,4,0.0,2,0.13248282630029434
457663,4,1.0,1,0.13248282630029434
2079542,5,0.0,1,0.13248282630029434
2051915,3,1.0,2,0.13248282630029434
2547945,4,0.5,1,0.09715407262021586
7944950,4,0.3333333333333333,1,0.08537782139352301
177490,3,0.3333333333333333,2,0.08537782139352301
2970333,4,0.25,1,0.07948969578017662
5852110,4,0.2,1,0.07595682041216878
2019388,3,0.2,2,0.07595682041216878
3516954,4,0.2,1,0.07595682041216878
3938514,3,0.2,2,0.07595682041216878
9904654,4,0.16666666666666666,1,0.07360157016683022
9402497,4,0.16666666666666666,1,0.07360157016683022
6022782,3,0.125,2,0.07065750736015697
6816029,3,0.0,2,0.061825318940137375
3288528,4,0.0,1,0.061825318940137375
2814072,3,0.25,1,0.008832188420019593
2056887,3,0.16666666666666666,1,0.0029440628066731978
7426747,3,0.125,1,0.0
5872308,3,0.125,1,0.0
